id;name;email;phone;city;district
1;Assistant;Aubrey45@yahoo.com;721-664-2911 x28337;West Leopoldo;Music functionalities Implementation
2;Consultant Malta;Myriam80@yahoo.com;845.122.2476 x791;Buckridgemouth;Implementation JBOD
3;Gorgeous Uzbekistan Sum;Elouise_Bradtke9@gmail.com;(506) 476-9283;West Raleigh;quantifying Handmade
4;violet Compatible primary;Laron70@gmail.com;697-726-7641;East Traceville;benchmark quantifying Lead
5;invoice;Lawrence_Terry@yahoo.com;416.683.0122 x7708;South Cheyenneport;Central African Republic Georgia
6;Robust ivory Ports;Sidney_Fay@gmail.com;654-069-9413 x91582;North Hildaview;approach maroon Branding
7;Via;Raven97@yahoo.com;1-412-680-6185 x242;Gerlachside;intuitive Electronics real-time
8;Clothing;Edyth.Ward@hotmail.com;194-768-8069 x25289;Jammiefurt;Cambridgeshire Internal New Leu
9;neural;Herman.Upton@yahoo.com;(990) 281-7951 x475;Lake Kianabury;Fantastic Wooden Sausages Specialist South Carolina
10;mindshare monitor synthesizing;Keeley.Wintheiser27@gmail.com;708-780-1137 x757;Jamalview;microchip fuchsia
