id;name;description;quantity;image;price;last_update
1;Generic Steel Tuna;website calculating;57374;monetize Principal navigate;34790;2020-01-24
2;Computer reboot reboot;magenta Track;62989;Refined Metal Car;93728;2020-01-24
3;Steel;Kina networks;40879;Michigan Incredible Infrastructure;46442;2020-01-23
4;compressing New Zealand initiative;Generic Metal Hat;18327;Lao People's Democratic Republic;16516;2020-01-24
5;Small Wooden Bike Licensed Wooden Computer Oklahoma;aggregate throughput Practical;94963;Identity Vermont indigo;2024;2020-01-23
6;COM Personal Loan Account yellow;Cape Verde;40746;Ethiopia;47574;2020-01-24
7;Rubber CSS;Bike Keyboard Tunnel;46377;Intelligent;26845;2020-01-23
8;Checking Account methodical optical;Cheese rich multi-byte;80408;Forward project;23086;2020-01-23
9;Fantastic;Sleek Soft Sausages Practical;86012;Implementation;94541;2020-01-24
10;navigate grey Harbors;Automotive Massachusetts Checking Account;6748;AGP;9545;2020-01-24
